{"Mean_Absolute_Error": 0.9782545551319648, "Root_Mean_Square_Error": 1.1554566980650998, "Normalized_Discounted_Cumulative_Gain": 0.9994529389391086}